{"p_ic_loss_values": 16990.845703125, "u_ic_loss_values": 0.7738229632377625, "v_ic_loss_values": 0.07296070456504822, "u_in_loss_values": 0.8742620944976807, "v_in_loss_values": 0.015315452590584755, "u_out_loss_values": 0.03312090039253235, "v_out_loss_values": 0.043623875826597214, "u_wall_loss_values": 0.9767827987670898, "v_wall_loss_values": 0.03068089671432972, "u_cylinder_loss_values": 0.7459189891815186, "v_cylinder_loss_values": 0.013802047818899155, "r_x_loss_values": 0.1876535266637802, "r_y_loss_values": 0.039473358541727066, "r_c_loss_values": 0.1503644585609436, "total_loss_values": 16994.802734375, "p_ic_loss_weights": 1.0, "r_c_loss_weights": 1.0, "r_x_loss_weights": 1.0, "r_y_loss_weights": 1.0, "u_cylinder_loss_weights": 1.0, "u_ic_loss_weights": 1.0, "u_in_loss_weights": 1.0, "u_out_loss_weights": 1.0, "u_wall_loss_weights": 1.0, "v_cylinder_loss_weights": 1.0, "v_ic_loss_weights": 1.0, "v_in_loss_weights": 1.0, "v_out_loss_weights": 1.0, "v_wall_loss_weights": 1.0, "_timestamp": 1697636625.2798305, "_runtime": 23.84385347366333, "_step": 0, "_wandb": {"runtime": 858}}