{"p_ic_loss_values": 60.344970703125, "u_ic_loss_values": 121.25663757324219, "v_ic_loss_values": 2.0669033527374268, "u_in_loss_values": 1.1819393634796143, "v_in_loss_values": 0.30913421511650085, "u_out_loss_values": 0.9007790684700012, "v_out_loss_values": 0.04988965019583702, "u_wall_loss_values": 23.83678436279297, "v_wall_loss_values": 0.41978710889816284, "u_cylinder_loss_values": 3.4620895385742188, "v_cylinder_loss_values": 0.2154265195131302, "r_x_loss_values": 2.6145474910736084, "r_y_loss_values": 1.5000733137130737, "r_c_loss_values": 1.4956600666046143, "total_loss_values": 393.8326416015625, "p_ic_loss_weights": 0.907465498894453, "r_c_loss_weights": 9.858927154541014, "r_x_loss_weights": 8.556496429443358, "r_y_loss_weights": 4.931414794921874, "u_cylinder_loss_weights": 1.9016533851623532, "u_ic_loss_weights": 1.8496716499328612, "u_in_loss_weights": 1.9438848495483398, "u_out_loss_weights": 3.2201282501220696, "u_wall_loss_weights": 1.7838375091552732, "v_cylinder_loss_weights": 5.7645221710205075, "v_ic_loss_weights": 4.704638671874999, "v_in_loss_weights": 6.87205467224121, "v_out_loss_weights": 22.705589294433587, "v_wall_loss_weights": 4.16016387939453, "_timestamp": 1697644161.6388602, "_runtime": 119.90503811836243, "_step": 234, "_wandb": {"runtime": 118}}