{"p_ic_loss_values": 17.481557846069336, "u_ic_loss_values": 30.510879516601562, "v_ic_loss_values": 2.0608208179473877, "u_in_loss_values": 0.017905564978718758, "v_in_loss_values": 0.04168381541967392, "u_out_loss_values": 0.01710420660674572, "v_out_loss_values": 0.005580789875239134, "u_wall_loss_values": 2.8327975273132324, "v_wall_loss_values": 0.2434169054031372, "u_cylinder_loss_values": 0.03311508148908615, "v_cylinder_loss_values": 0.16921579837799072, "r_x_loss_values": 2.2971789836883545, "r_y_loss_values": 0.6267936825752258, "r_c_loss_values": 0.22146514058113098, "total_loss_values": 149.83529663085938, "p_ic_loss_weights": 0.9074301831424236, "r_c_loss_weights": 5.639175415039062, "r_x_loss_weights": 5.161450576782226, "r_y_loss_weights": 5.449644088745116, "u_cylinder_loss_weights": 2.2175100326538084, "u_ic_loss_weights": 1.5303951263427733, "u_in_loss_weights": 2.255192184448242, "u_out_loss_weights": 5.472655487060546, "u_wall_loss_weights": 2.135081577301025, "v_cylinder_loss_weights": 6.708789443969725, "v_ic_loss_weights": 29.476623535156243, "v_in_loss_weights": 5.423738098144531, "v_out_loss_weights": 11.629725646972654, "v_wall_loss_weights": 9.567508697509764, "_timestamp": 1697645040.547512, "_runtime": 845.8731200695038, "_step": 595}